"idx","comment_id","author","created_utc","aspects","sentiments","scores","body"
"0","ekie21c","followthesm0ke","1554854242","Vandalism Attribution","negative","-1.0","You’d think Nazi’s would spraypaint the swastika correctly"
"1","ekie78f","computer_d","1554854352","Vandalism Attribution | Neighbour Intimidation | Land-Use And Consent","negative | neutral | positive","-1.0 | 0.0 | 1.0","As much as I'd like to defend gun owners, and the ASC guy is saying this behaviour is horrible, but there's an eerily significant amount of them who seem happy to associate their hobby with hateful symbols and other actions.

I feel police should be acting as mediators in this instance. Look into the swastika spraypainting. Speak with the club owner. Maybe address customers and try to find a middle line without the confrontation."
"2","ekieerb","Splattsnz","1554854513","Club Membership Character","negative","-1.0","lets face it, they aren't the brightest crayons in the pack."
"3","ekif1um","adeundem","1554855009","Sport Legitimacy | Gun Law And Licensing","negative | neutral","-1.0 | 0.0","&gt;""Promotional videos on ASC-affiliated Facebook pages show men with semi-automatic rifles shooting around corners, manoeuvring around barricades and firing through makeshift windows. There is nothing illegal about that: the events are a legitimate sport with international recognition. In the aftermath of the mosque shootings National MP Chris Bishop said he was disappointed sporting competitors wouldn’t get an exemption from the planned gun reforms. Neighbours of the club, however, say the activity is ill-judged in the shadow of Christchurch.""

I am not a holder of a firearms license, and might not be fully versed in the legal restrictions of legal possession of firearms and the licenses etc, but isn't CQB stuff with real firearms incredibly shady stuff if you are not legit police/military?"
"4","ekif3z7","Gyn_Nag","1554855055","Neighbour Intimidation | Vandalism Attribution","negative | neutral","-1.0 | 0.0","&gt;If your reading this ur in range

That's it. Invoke the terrorism legislation ASAP."
"5","ekifhmi","jewelofthenilenz","1554855341","","","","Yes"
"6","ekifkkq","The1KrisRoB","1554855399","Sport Legitimacy | Self-Defence Justification","neutral | positive","0.0 | 1.0","&gt; CQB stuff with real firearms incredibly shady stuff if you are not legit police/military?

I suppose you *could* argue that if you were ever to have to use a rifle for self defense, that it would most likely be in your home and that CQB training would be very helpful I suppose?"
"7","ekifx8s","peace_nz","1554855667","","","","The spinoff..."
"8","ekig2pe","Vickrin","1554855784","Self-Defence Justification","negative","-1.0","Except that in NZ you cannot own a firearm for self defense so this is not relevant."
"9","ekig9hz","The1KrisRoB","1554855929","Self-Defence Justification | Gun Law And Licensing","positive | neutral","1.0 | 0.0","The law says you cannot own a firearm for the sole purpose of self defense, but then it goes on to say that you can use all necessary force to protect yourself (which includes firearms) 

So yes it is if we're being pedantic."
"10","ekigcvy","WechTreck","1554856002","","","","Yup,  [/r/beholdthemasterrace/](https://www.reddit.com/r/beholdthemasterrace/)"
"11","ekigjr7","peace_nz","1554856145","Debate Conduct","negative","-1.0","Because that worked so well on that other group who were planning to blow up buses and kill MPs in Wellington."
"12","ekigqtr","marsnz","1554856292","Sport Legitimacy | Club Membership Character | Media Credibility","neutral | negative | negative","0.0 | -1.0 | -1.0","There's a few communities that use airsoft and paintball guns to simulate military stuff rather than just the average braindead deathmatch game type. Southdown meatworks was perfect for CQB games until it got burned down. I did it for a few years and the most egregious behaviour was probably just the concentration of so many alpha male tradie types incessantly measuring their cocks.

Understandable though that this type of nuance isn't super welcome around the spinoff so it's just another cesspool of fascism nazism transphobia and all the rest."
"13","ekigs0z","Gyn_Nag","1554856318","","","","Is a joke about their bad grammar."
"14","ekihbun","waterbogan","1554856727","Media Credibility | Land-Use And Consent | Neighbour Intimidation","negative | positive | positive","-1.0 | 1.0 | 1.0","It's a pity this is on Spinoff which isnt that great generally, because this article in particular does appear OK and the issue definitely merits  wider exposure in the mainstream media. It looks like the neighbours have legitimate reasons for concern

Personally I'd be investing in [HD security cameras](https://www.swann.com/au/swdvk-855804) and encouraging all my neighbours to do the same"
"15","ekihdcg","Vickrin","1554856757","Self-Defence Justification","neutral","0.0","Can you link where the law says 'you can use all necessary force to protect yourself'?
Genuinely curious."
"16","ekihf8n","weird_ooo","1554856792","Self-Defence Justification | Gun Law And Licensing","negative | positive","-1.0 | 1.0","Na, it says you can use 'reasonable' force. If you have time to get your gun from the gun safe, get the ammo, load it, and confront the intruder, the reasonable thing to do would have been to leave the house and call the police who are trained to deal with escalating confrontation rather than taking action which directly put you in danger.

If you're following NZ's gun laws, there are very few circumstances where using a firearm is a reasonable use of force."
"17","ekihgx2","peace_nz","1554856824","","","","Oh in that case we should rush education reform through a select committee but ban teachers and students from participating."
"18","ekihixv","weird_ooo","1554856862","Vandalism Attribution | Debate Conduct","negative | negative","-1.0 | -1.0","Ahh yes, people who spray paint swastikas on their neighbour's property are unbeing unfairly characterized as Nazis by people who lack nuance.

Wtf."
"19","ekihu48","geishaboy","1554857075","Connection To Christchurch | Sport Legitimacy","negative | negative","-1.0 | -1.0","&gt;“This has destroyed my sense of identity as a New Zealander.”

If your identity as a New Zealander is shooting off military-style automatic weapons the day after the Christchurch Massacre then I'm glad it was destroyed."
"20","ekihwqu","serpentseven","1554857127","Vandalism Attribution | Land-Use And Consent | Neighbour Intimidation","negative | negative | negative","-1.0 | -1.0 | -1.0","I have been to that club and I bet you dollars to doughnuts that it was done by a resident living there.  

There are around 20 or so signs on the way to the shooting range some of which are quite mean spirited towards gun owners but you wont see them reporting on that.  

One time i was stopped at about 10 in the morning by a very drunk local who did not want us to proceed further to the range things got confrontational and luckily did not escalate into violence which it almost did on the locals behalf.  

I bet you it was one of the residents who sprayed the swastikas over the signs to cause problems with the clubs, its illogical to think that members of the cub would want to cause more trouble for themselves relationships between the club and residents was already strained.  

BTW about 80% of the club isnt white, Nazi's REALLY????"
"21","ekii4ny","The1KrisRoB","1554857277","Self-Defence Justification","neutral","0.0","&gt;“Everyone is justified in using, in the defence of himself or another, such force as, in the circumstances as he believes them to be, it is reasonable to use.” (Section 48 of the Crimes Act 1961.)

is the best I can do at the moment"
"22","ekii5qv","GiantCrazyOctopus","1554857297","","","","They aren't the sexiest sheep in the flock"
"23","ekii7ty","The1KrisRoB","1554857338","Self-Defence Justification","positive","1.0","As far as I'm concerned if someone's in my house threatening me and my family, shooting them is ""reasonable force"""
"24","ekiia7s","ingenious-ruse","1554857383","Club Membership Character","negative","-1.0","Lol nazis are literally dumb"
"25","ekiiedf","Gyn_Nag","1554857467","","","","You killed the joke with politics."
"26","ekiifoh","ingenious-ruse","1554857494","Gun Law And Licensing | Sport Legitimacy | Connection To Christchurch","positive | negative | negative","1.0 | -1.0 | -1.0","HE SHOULD NOT HAVE THAT FREEDOM TO DO THAT IF HE WANTS.
WANT FREEDOM?
GO TO AMERICA.
THIS IS NZ"
"27","ekiih2k","hippiness19","1554857522","Vandalism Attribution | Land-Use And Consent | Club Membership Character","neutral | negative | negative","0.0 | -1.0 | -1.0"," Obviously if they are doing racist things that should be stopped (have to say I haven't spent ages on the article to see if there is definitive proof of who did what), but on the flip side people hate living next to these ranges and would love for them to be shut down, so I guess you have to weigh up the evidence as to whether they have any actual proof or they just hate the noise and the general types that go there."
"28","ekiimwz","serpentseven","1554857638","Sport Legitimacy | Gun Law And Licensing","positive | negative","1.0 | -1.0","Its a Sport called IPSC, the goal of the courses of fire to be at in international level of hardness so someone from China and someone from Germany do a similar difficulty course of fire in their own respective countries and a similar course in other countries in international tournaments when they travel.  

Where do we draw the line in the government censorship of recreation no more boxing or karate too????"
"29","ekiin1i","Alderson808","1554857641","Neighbour Intimidation | Vandalism Attribution","neutral | neutral","0.0 | 0.0","I suppose it was also the residents who said they should swamp the meeting and bring guns?"
"30","ekiirq0","weird_ooo","1554857732","Self-Defence Justification | Debate Conduct","negative | negative","-1.0 | -1.0","Wouldn't getting your family out of the dangerous situation, rather than escalating it into a life and death situation, be much more reasonable and more in lines with your stated desire to protect your family.

I can't see how 'escalating a conflict into a life or death situation' is a good strategy for protecting the safety of your family. Not to mention the traumatic experience for your children of witnessing Dad use a level of violent force they haven't experienced, causing them long term mental health complications.

Just seems like you have a latent violent fantasy and this is the only situation you can imagine that would justify you realising it and I think you should go and talk to a Councillor because either you think the possessions in your home have more value than a human life, or alternatively, you suffer from minor paranoid delusions regarding people breaking into your home to hurt you and your family."
"31","ekiiwmk","Sassy_Samsquantch","1554857829","Club Membership Character | Vandalism Attribution","negative | neutral","-1.0 | 0.0","Well, until very recently the Mongrel Mob was using Nazi imagery and slogans as part of their ""piss off everyone so they'll forget we're meth dealers"" campaign...so...we're all sorta waiting for any of this to make sense."
"32","ekiixsx","Alderson808","1554857853","Land-Use And Consent","negative","-1.0","Well it’d be interesting to hear more about the contested consent process - the local community clearly doesn’t want it and there was an established silent retreat in the community. I’m surprised this got consent at all"
"33","ekij90o","followthesm0ke","1554858075","","","","Ding ding ding!"
"34","ekijqh1","GetThreePigs","1554858422","Sport Legitimacy | Connection To Christchurch","negative | negative","-1.0 | -1.0","I guess when somebody trained in boxing and radicalised in their training environment uses their skill set to murder 50 people? 

We don't allow missile launching or bomb building sportsmen to compete in NZ so a line has already been drawn. A discussion could be had about moving it."
"35","ekijyku","blekkja","1554858587","","","","Ahem. Catapult buses at politicians. They were a serious threat."
"36","ekik8b0","adeundem","1554858783","Sport Legitimacy | Self-Defence Justification","positive | positive","1.0 | 1.0","Practical shooting has it origins, and it appears to still to be the case, in self-defense shooting skills."
"37","ekikflp","geishaboy","1554858929","Connection To Christchurch | Media Credibility | Debate Conduct","neutral | negative | negative","0.0 | -1.0 | -1.0","First of all, that quote is from a woman, meaning you didn't bother to read the article. Second of all, New Zealand out performs America in literally all international freedom rankings by a very substantial margin. Third of all, they **were** allowed to shoot off their guns the day after the Christchurch Massacre. Fourth of all... not sure if /s or not?"
"38","ekikhn4","Baraka_Bama","1554858971","Vandalism Attribution | Debate Conduct","neutral | negative","0.0 | -1.0","&gt;  illogical to think that members of the cub would want to cause more trouble for themselves relationships between the club and residents was already strained.

Of course it's logical that people in conflict escalate. Just saying something isn't logical don't make that true."
"39","ekikkvx","WiredEarp","1554859037","Self-Defence Justification","positive","1.0","I think you are a bit delusional if you think you can simply walk out of a home invasion with your kids in tow. Or that you could even get your family together, awake and ready to move, with an escape path you guarantee has no chance of encountering Intruders, in less time than you could proceed to arm yourself."
"40","ekikmoe","Colonial_trifecta","1554859073","","","","They still are. It's only one chapter that's dropped it according to what I've read."
"41","ekiknba","Alderson808","1554859087","Sport Legitimacy | Connection To Christchurch","negative | neutral","-1.0 | 0.0","Okay fair, but these guys aren’t simulating with paintball and airsoft it looks like"
"42","ekikpa5","BARONSDEFCHARGER","1554859127","Sport Legitimacy | Connection To Christchurch | Debate Conduct","negative | negative | negative","-1.0 | -1.0 | -1.0","""It's a sport"" I cry as I murder women and children."
"43","ekikpkg","WiredEarp","1554859132","Vandalism Attribution","negative","-1.0","It seems more likely the swastika was painted by a resident wanting to drum up support then a member of the gun club."
"44","ekikqea","adeundem","1554859150","Sport Legitimacy | Self-Defence Justification | Gun Law And Licensing","neutral | negative | neutral","0.0 | -1.0 | 0.0","I used to participate in some airsoft outdoor and indoor activities until several years ago.

I was questioning doing the CQB target shooting stuff with real firearms (and what appears to be pistol as a siderm in a holster). If the only legitimate usage for a pistol is target shooting (maybe hunting? Not sure if pistol/handgun hunting is OK in NZ) then keeping a pistol in a holster doesn't look like an OK action."
"45","ekikt8c","serpentseven","1554859207","","","","Actually we do allow missile launching and we as a nation are quite good at it, look up Rocket labs here in Auckland.  

Is 50 the magic number for us to give a shit about human life."
"46","ekil9x2","DogmaDodger","1554859556","Club Membership Character | Vandalism Attribution | Gun Law And Licensing","positive | negative | neutral","1.0 | -1.0 | 0.0","I have been to that club before, it's membership is incredibly diverse just as Auckland is incredibly diverse and they are accepting of any nationality, sexual orientation, disability etc . On top of that, a decent number of their members are Police officers, many of whom nationwide join pistol clubs so that they can train to be proficient with them for Police duties, something that our Government should provide but actually provides very little.    

I would not at all be surprised if that swastika and any other ""malicious damage"" to protest signs was in fact perpetrated by the protesting residents themselves to tarnish the reputation of the club and it's members and to drum up support for themselves using the threat of white nationalism and racism to appeal to the nations currently high emotions regarding that sort of thing.    

If anyone who is a member of that club was found to have committed any willful damage or made racist, sexist or any other derogatory comments to or about anyone they would be removed from the club and barred from the membership. This would also affect their ability to gain membership elsewhere as when transferring to another club a large majority require a ""letter of good standing"" from the previous club. Without this letter they will not be accepted for membership. Without membership to a pistol club they are unable to fulfill their legal obligations to hold a B endorsement on their firearms licence and the Police will revoke their endorsement and ensure that any pistols they hold are either surrendered to Police, sold subject to B endorsement laws, or given to another person with an appropriate endorsed licence and required paperwork for the transfer of ownership. All pistols are registered so Police will know if they have not been legally disposed of and will use the full extent of the law to ensure that they are.    

To add to that, a large amount of people with E-category licences hold them for use in 3 gun, this requires a B endorsement to be able to participate, when applying for an E category endorsement, valid reasons must be given. If 3 gun is listed as the reason and your B endorsement is revoked, the E endorsement is also revoked as without a B you are unable to participate in 3 gun type events and as such no longer require access to E endorsement firearms. E category firearms are also registered like pistols are and must be disposed of legally in a manner the same as I described in the paragraph above."
"47","ekilccc","stealthdonkey007","1554859606","","","","Rockets and missiles aren't the same thing. If Rocket Labs were attaching explosive payloads to their rockets, we'd think of them very differently"
"48","ekili53","Sassy_Samsquantch","1554859725","","","","Oh well, at least they have other forms of virtue signaling to exploit for a misleading PR campaign."
"49","ekilt93","serpentseven","1554859946","Sport Legitimacy","negative","-1.0","so its ok to shoot so long as its shooting blanks?"
"50","ekilxu3","weird_ooo","1554860040","Self-Defence Justification | Gun Law And Licensing | Debate Conduct","negative | positive | negative","-1.0 | 1.0 | -1.0","&gt; I think you are a bit delusional if you think you can simply walk out of a home invasion with your kids in tow 

If you can;

1. Get the key to your gun safe
2. Open your gun safe and unsecure your gun, removing it
3. access your ammunition
4. load your gun
5. Confront the home invader

Then you can evacuate the building. Chances are your children's bedrooms and closer to your bedroom than the gun safe, so likely going for the firearm rather than the kids first puts you in a massively increased level of danger.

&gt;  in less time than you could proceed to arm yourself. 

Given NZ's strict firearm laws, I think you are vastly underestimating the amount of time and noise it would take to arm yourself.

What sort of paranoid delusions are you having in regards to home invasion? Why are they breaking into your house? What is the immediate danger to your family?

99% of home invasions either involve somebody you know, or are thefts. When we were in high school, one of my friend's older brothers got home invaded by a guy he had a fight with a week ago. The guy had a hatchet. He managed to get his kid and partner out of the house, while dealing with the confrontation and he never even thought about grabbing his firearm."
"51","ekilymv","blekkja","1554860055","Media Credibility","positive","1.0","Whatever: spinoff is one of the better places. Behind RNZ and slightly ahead of ODT. Given that ODT can be dreadful at times I’m not sure if that’s a good thing, though it’s certainly miles ahead of stuff or the herald."
"52","ekim3c4","serpentseven","1554860156","Connection To Christchurch | Sport Legitimacy","negative | positive","-1.0 | 1.0","The Christchurch shooter did not engage in IPSC style shooting at any recorded range in New Zealand, The gun club in Milton is target style shooting used by hunters and Olympic shooters.  
I believe he received overseas training but that's a different discussion."
"53","ekima82","serpentseven","1554860303","Vandalism Attribution","neutral","0.0","Well true, no one can prove it wasn't a local,  
to the same extent we can't prove it was a club member."
"54","ekiman0","GetThreePigs","1554860312","Sport Legitimacy | Self-Defence Justification | Gun Law And Licensing","negative | negative | neutral","-1.0 | -1.0 | 0.0","You get that rocket lab is used for launching satellites etc and I was referring to an anti-personel missile like an RPG right? 

Being facetious about human life like this is a childish argument. A balance always has to be made between sacrificing safety vs personal freedom, however firearms like those being shot here are useless in NZ. By law they should not be used purely for self-defence reasons and they are unnecessary for hunting.

You are sacrificing many lives for the entertainment of a few, that sad as fuck.50 isn't a ""magic number"" I think any deaths by the hands of these weapons warrants a view into their legality. They have no use except for killing people.

 Buy a double barrel if you want to hunt ducks, get a .308 if you want to hunt deer, buy an AR15 if you want to compensate for a lack of personality."
"55","ekimohl","blekkja","1554860601","Vandalism Attribution | Land-Use And Consent | Debate Conduct","neutral | negative | negative","0.0 | -1.0 | -1.0","Oh look - the last 3 or 4 comments in this thread have suggested that it is the locals who are spray painting racist abuse in their own properties to get back at the evil gun owners. Mods: looks a bit brigade-y. Can you check this?


In any case, think what you will of gun ranges or the people who use them, why was this range allowed to be built here? The hippies brought land out where it was cheap and quiet so they could run their meditation things. They’re well established there, doing their thing for 3 decades, the range could have brought/built 10km down the road (That’d be far enough for the sound to dissipate?) and then both could have co-existed happily. We all get annoyed at people moving in close to established music venues or speedways and causing them to shut down due to noise complaints, and the opposite should also apply."
"56","ekimsdt","stealthdonkey007","1554860684","Sport Legitimacy | Self-Defence Justification","positive | negative","1.0 | -1.0","It's generally OK to build things if the things you're building aren't expressly for the purpose of killing people."
"57","ekin0el","SamEEE","1554860849","Vandalism Attribution","neutral","0.0","Could be a local with a grievance against the Rifle Club painting the signs, for instance."
"58","ekin3qn","marsnz","1554860919","","","","That’s not at all what I said but feel free to continue expressing outrage at things that only exist in your imagination"
"59","ekin418","Baraka_Bama","1554860925","","","","We aren't proving anything. It's an article telling the story with both sides offered a chance to say their piece. 

It's up to the police to prove. The rest of us can form an opinion based on the article... or not."
"60","ekinape","SamEEE","1554861063","Vandalism Attribution | Club Membership Character","positive | positive","1.0 | 1.0","Do you think it could be the locals with the grievance against the club trying to raise support for their cause who painted the signs? The rifle club would have a lot more to lose in undertaking such actions alongside their lawful and consented activity."
"61","ekinhba","weird_ooo","1554861202","Club Membership Character | Media Credibility | Debate Conduct","negative | negative | negative","-1.0 | -1.0 | -1.0","&gt;the most egregious behaviour was probably just the concentration of so many alpha male tradie types incessantly measuring their cocks.  
&gt;  
&gt;Understandable though that this type of nuance isn't super welcome around the spinoff so it's just another cesspool of fascism nazism transphobia and all the rest.

It's actually exactly what you said."
"62","ekinmi8","SamEEE","1554861315","Vandalism Attribution | Connection To Christchurch | Land-Use And Consent","negative | negative | neutral","-1.0 | -1.0 | 0.0","The hippy retreat is 1.5km away from the range, and two ridges over. The RMA cuts both ways, a couple of years ago this happened for instance.    
https://www.nzherald.co.nz/nz/news/article.cfm?c_id=1&amp;objectid=11698310    
     
I seems a fabricated story by someone with a grievance against the club. I find it hard to believe someone who has gone through the trouble to get a MSSA license would also go creeping about painting hate symbols on sheds the wrong way."
"63","ekio6bt","biggest_decision","1554861731","Vandalism Attribution | Land-Use And Consent | Neighbour Intimidation","neutral | neutral | negative","0.0 | 0.0 | -1.0","It's interesting to see that the swastika &amp; the ""if your reading this ur in range"" were tagged onto signs protesting against the club. And the club has come out and said that if any member is found to be responsible for the tagging, they'll be kicked out.

&gt;McKay said complaints against residents, which she believed to be malicious in their intent, had also been made to council and police. They included everything from the installation of an outside toilet and false claims of a septic tank leakage, to an entire report commissioned against the Vipassana meditation centre, accusing it of violating the terms of its resource consent, she said.

So the club is complaining about the consents of other organizations in the valley. Residents are complaining about the consent for the club. Seems like a case of neighbors not getting along to me. If the individual responsible for the threats is found they should be hung out to dry, and lose their gun license."
"64","ekio7en","Monstah_Mangu","1554861754","Vandalism Attribution","negative","-1.0","The only people who spray paint swastikas are fruitcakes who want people to think they’re being victimised. 

Almost every fucking time stories like this come up it is a hoax. I expect this is just more of the same."
"65","ekio9fx","serpentseven","1554861798","Gun Law And Licensing | Self-Defence Justification | Vandalism Attribution","negative | neutral | neutral","-1.0 | 0.0 | 0.0","https://thespinoff.co.nz/business/20-11-2018/what-lies-inside-rocket-labs-secret-us-military-contracts/  
But the public isnt any safer, these psychos are quite capable of making their own ""UZI"" or sub machinegun style weapons.  
https://en.wikipedia.org/wiki/Antonie_Dixon  
https://www.nzherald.co.nz/nz/news/article.cfm?c_id=1&amp;objectid=12215259  
The Gangs have already officially the NZ herald they wont be turning over their weapons the only ones how will be suffering for this will be every honest New Zealander as the cost to the tax payer is going to be tremendous.  
No one in the media is talking about how the Christchurch shooter illegally brought his high capacity magazines , the firearm he owned should of been limited to 5 bullets.  
Criminals will find a way to obtain what they want, Marijuana is illegal look how many people smoke it.  
Official statistics from Auckland University’s Alcohol and Public Health Research Unit show half of New Zealanders aged 15-65 have tried cannabis, and one-in-six define themselves as regular users."
"66","ekioawc","The1KrisRoB","1554861828","Debate Conduct","negative","-1.0","Wow that didn't take long for the personal attacks.

This person has different opinion to me therefore they MUST be violent and need counselling.

How about presenting an argument that doesn't rely on you belittling the other person for once? Try constructing an argument that stands on its own merits rather than just trying to personally attack the person you disagree with like a hateful little human being.

Seeing more and more of this vile, hateful behaviour lately in this sub. Says a lot about who you are as an individual that you'd rather attack the person than the idea."
"67","ekiobe6","ChieftaiNZ","1554861838","Sport Legitimacy","positive","1.0","A holster is to a pistol what a sling is to a rifle. It's a way to keep the thing close to you without needing to actively hold it. For IPSC shooters its used to keep the guns safe and secure on their person in between rounds, and some ISPC requires a holster draw at the beginning of the course."
"68","ekioc8x","Ginger-Nerd","1554861857","","","","there is freedom to... and freedom from. 

It really depends how you look at it - New Zealand tends to frame freedom as ""freedom from""; the US puts much more focus on ""freedom to""."
"69","ekion9l","blekkja","1554862096","Land-Use And Consent | Vandalism Attribution | Club Membership Character","positive | negative | negative","1.0 | -1.0 | -1.0","So with the existing pistol club - fair point. People should have understood what they were buying into. But it is different when a brand new club sets up in your backyard.


Myself I feel that it is far more likely that the far right hate messages were left by people on the far right. As a group they tend to be fans of dressing in camo and playing with guns. That’s not to say that all people who are fans of dressing in camo and playing with guns are far right, but you’d be naive if you didn’t think there was at least a small percentage. So for a large club there’s definitely a few: Occam’s Razor."
"70","ekioo74","Alderson808","1554862117","Vandalism Attribution | Neighbour Intimidation","negative | negative","-1.0 | -1.0","I’d possibly entertain this theory but the other actions taken by the club gives me a fair bit of confidence that it is actually members of the club being the aggressors in the case of spray painting etc.

The specifics seem to be:

1. Someone spray painted the threat + swastika

2. Someone removed signs

3. The gun club rep said to swamp the meeting

4. Supporters of the gun club said they should bring guns to the meeting

5. The gun club were firing rifles after 11pm

The first two could be done by residents to stoke the flames, but the later three are all gun club actions which mean that I think they’re capable of the first two."
"71","ekior84","serpentseven","1554862183","Media Credibility","negative","-1.0","Media always has a bias,  
Social Media helps balance that bias with information not previously known or selectively omitted ...  
But you already know this as your on reddit.  
Stay woke to the truth brutha!"
"72","ekiorlz","Monstah_Mangu","1554862192","Vandalism Attribution | Debate Conduct","positive | negative","1.0 | -1.0","Suggesting that the swastikas are part of a hoax isn’t brigading. It’s just common sense. 

Hate crime hoaxes are a regular occurrence."
"73","ekiot6h","Alderson808","1554862224","Vandalism Attribution | Land-Use And Consent","negative | negative","-1.0 | -1.0","So they fabricated the Facebook comments? 

As for the RMA issue, yes but I’m surprised that you can establish a gun club in a community that doesn’t want it and near to an established business that’s based on a ‘retreat’ - 1.5km really isn’t far when you’re firing the kind of weapons shown here"
"74","ekiph3e","weird_ooo","1554862746","Vandalism Attribution","negative","-1.0","Except all the times it isn't a hoax."
"75","ekipkbx","Slayr698","1554862817","","","","He is referring to the specific group in the article but people that participate in this stuff in general,  he wasn't replying to the post directly but a reply"
"76","ekipl0o","geishaboy","1554862833","Vandalism Attribution | Connection To Christchurch | Gun Law And Licensing","negative | negative | neutral","-1.0 | -1.0 | 0.0","&gt;  I find it hard to believe someone who has gone through the trouble to get a MSSA license would also go creeping about painting hate symbols on sheds the wrong way.

Really? A guy who had gone through the trouble of getting a MSSA license shot a bunch of people in a couple of Christchurch mosques the other day.

EDIT: Welp, looks like he didn't have the right firearms license for the firearm he used. I could have sworn I read online that he did have the right license, but I guess I either miss-read it or it was a mistake. Never mind, bring on the downvotes!"
"77","ekipq9o","Alderson808","1554862948","Vandalism Attribution | Club Membership Character","negative | negative","-1.0 | -1.0","Look, you can accuse the protestors of forging the attacks but I don’t think they could’ve created the shooting after 11 which the police attended or the Facebook posts etc. those things start to push against me giving the gun club the benefit of the doubt"
"78","ekiq46r","blekkja","1554863261","Vandalism Attribution | Debate Conduct","negative | negative","-1.0 | -1.0","I’m sorry but people are genuinely claiming that the Christchurch attacks were a left wing operation to discredit the right so forgive me if I automatically dismiss any talk of hoaxes or “false flag”. I’m aware it’s a possibility, but it’s just that in this particular case it’s more reasonable to judge a book by its cover."
"79","ekiq5ll","weird_ooo","1554863293","Self-Defence Justification | Debate Conduct","negative | negative","-1.0 | -1.0","It wasn't a personal attack, it was a serious piece of advice. You just described having violent fantasies as a consequence of paranoid delusions. That's a problem.

&gt; How about presenting an argument that doesn't rely on you belittling the other person for once?  

**""Wouldn't getting your family out of the dangerous situation, rather than escalating it into a life and death situation, be much more reasonable and more in lines with your stated desire to protect your family.**

**I can't see how 'escalating a conflict into a life or death situation' is a good strategy for protecting the safety of your family. Not to mention the traumatic experience for your children of witnessing Dad use a level of violent force they haven't experienced, causing them long term mental health complications.""**

I did, you ignored it. My argument is that you are escalating a situation putting your family in more danger. Dishonest cunts like you don't bother to engage with the actual substantive arguments I put forward, so I might as well point out that what you're describing are violent fantasies as a consequence of paranoid delusion because I legitimately hope you take the words to heart and get help.

&gt; Says a lot about who you are as an individual that you'd rather attack the person than the idea. 

"" ow about presenting an argument that doesn't rely on you belittling the other person for once?"" Is attacking me not the idea.

""Try constructing an argument that stands on its own merits "" Is attacking me and not my ideas

""like a hateful little human being."" Is attacking me and not the idea.

The idea is that going for your gun escalates the situation, putting everyone in more danger, meaning it is contrary to your stated goal of protecting your family. I laid out a perfectly clear idea as to why what you're doing is wrong, and you chose to ignore it in order to insult me. Then criticized me for attacking people not ideas.

You're a hypocrite who incapable of responding to criticism, so hide behind disingenuous arguments and self victimization in order to protect your own intellectual arrogance. What a fucking snowflake."
"80","ekiqsrn","SamEEE","1554863800","Connection To Christchurch","negative","-1.0","That's false. He didn't have a MSSA license."
"81","ekiqxwu","CollisionNZ","1554863915","Gun Law And Licensing","negative","-1.0","He didn't have an E-cat licence. He used a loophole in legislation to turn an A-cat rifle into an MSSA.

To get an E-cat properly, takes a lot of money and time."
"82","ekir1gh","GetThreePigs","1554863995","Gun Law And Licensing | Vandalism Attribution | Self-Defence Justification","positive | neutral | neutral","1.0 | 0.0 | 0.0","I will try to address your points in a fair manner

You seem incensed with Rocket Lab. They have nothing to do with the discussion around firearm legislation. I am unsure why you keep mentioning this? 

Antonie Dixon. I assume you are arguing that because he made a gun and used legal weapons (a sword) this legislation wouldn't have stopped him? No one is saying legislation like this will stop everybody, just that it will stop somebody.

The man in Lower Hutt with a home-made gun. This is a good example of how the law worked. Police searched his home with a warrant, found weapons which didn't conform to existing legislation and confiscated them. If anything this is a poster child for how they would handle your next point.

""The Gangs ... wont be turning over their weapons""  I guess, the police will have to uphold the law? Apply for search warrants of known gang residence and search them. Not exactly rocket science. 

""Christchurch shooter illegally brought his high capacity magazines"" He didn't, the magazines are legal to own just illegal to use with a weapon.

"" the firearm he owned should have been limited to 5 bullets"" My understanding is the new legislation will enforce this limitation by banning weapons with removable mags? I may be wrong here, but this would make sense.

""Criminals will find a way to obtain what they want"" You seem to think that because you cant stop all violence you shouldn't even try? This is an absurd argument, I hope you can see this, I really do.

The link between Drugs and Firearms legality is tenuous at best. Both may be illegal but are used and abused for very very different reasons. Look into this if you are actually interested, the link in your mind is most likely because of the US lobby groups using very similar tactics of advertising personal freedom with the access to their products. 

Look, Im not going to continue this thread with you. Ive stated why I think a ban on weapons like these is valid. Your arguments feel erratic at best, sorry."
"83","ekir2jo","Chipless","1554864018","Vandalism Attribution | Gun Law And Licensing | Neighbour Intimidation","neutral | positive | negative","0.0 | 1.0 | -1.0","Like it or hate it the police have the tools to gather proof, such as digital communication, relating to the members of the club...and with the current level of security threat being high means they will be using these tools earnestly.  If any of the gun club members are racist muppets and the club has behaved as described then the police will soon know about it and RIP any hope the members of the club have of ever touching a firearm again.  If there is no proof the police will probably just keep an eye on them for a while."
"84","ekir4m6","Monstah_Mangu","1554864064","Gun Law And Licensing | Connection To Christchurch","negative | neutral","-1.0 | 0.0","Except that he didn’t have an MSSA license (Category E) which is very hard to get and highly regulated. 

The Chch shooter had a Catergory A license - the lowest possible license level."
"85","ekir8lr","lgf_","1554864154","Sport Legitimacy | Gun Law And Licensing | Self-Defence Justification","negative | negative | negative","-1.0 | -1.0 | -1.0","&gt;""At what point, they ask, does the right to bear arms supplant the right to security and peace of mind?""

There is no right to bear arms in New Zealand. This is the attitude that is problematic; you do not have the right to a firearm, you do not have the right to act like an idiot while in possession of firearms, and the range certification should be seriously looked at if this is how people are behaving.

&gt;""Promotional videos on ASC-affiliated Facebook pages show men with semi-automatic rifles shooting around corners, manoeuvring around barricades and firing through makeshift windows. There is nothing illegal about that: the events are a legitimate sport with international recognition.""

This should be banned in New Zealand. There's lots of things that have international recognition that aren't permitted in NZ society."
"86","ekirc2j","lgf_","1554864232","Gun Law And Licensing | Sport Legitimacy","neutral | neutral","0.0 | 0.0","You're not allowed to hunt with pistols in NZ. They're only allowed to be used on approved ranges."
"87","ekiritn","polarbearsandkiwis","1554864381","Self-Defence Justification","negative","-1.0","What a great way to put it. You mean like, freedom from fear of being shot down in the street as opposed to freedom to shoot down someone in the street?"
"88","ekirjqp","Monstah_Mangu","1554864401","Land-Use And Consent | Sport Legitimacy","negative | negative","-1.0 | -1.0","What the local community wants is completely immaterial and irrelevant provided that the use of the land is legal and compliant with the law. 

If the hippies need compete silence for their hobby then they should buy enough land to ensure silence or invest in noise deadening insulation. Their insistence that their neighbours should be constrained because they have an esoteric and unreasonable hobby is ridiculous."
"89","ekirt7p","The1KrisRoB","1554864616","","","","&gt; described having violent fantasies

Complete lie, it's not a fantasy at all. It's a horrific situation that I hope I'm never faced with. I'm not sure why you feel you have to lie to make your argument.

&gt;I did, you ignored it. 

Yeah I did, because the lies and personal attacks aren't exactly the way to encourage someone to listen to your points.

&gt;"" ow about presenting an argument that doesn't rely on you belittling the other person for once?"" Is attacking me not the idea.

No it's not 

&gt;""Try constructing an argument that stands on its own merits "" Is attacking me and not my ideas

Again no it's not

&gt;""like a hateful little human being."" Is attacking me and not the idea.

That's the one where you almost have a point, but by this stage I think I've earned the right to call out the way you're acting.

&gt;You're a hypocrite who incapable of responding to criticism, so hide behind disingenuous arguments and self victimization in order to protect your own intellectual arrogance. What a fucking snowflake.

Again just more lies and vile hate spewing from an obviously hateful person."
"90","ekiry0d","DogmaDodger","1554864725","Vandalism Attribution | Club Membership Character | Land-Use And Consent","negative | positive | neutral","-1.0 | 1.0 | 0.0","The shooting after 11 incident was owned by the club and the individuals posting on fb should be looked into. This has been going on awhile and there is a lot more to the story that this article does not touch on.    

It is in no way in the clubs or members best interests to cause damage or make derogatory comments and club management will come down extremely harshly on any member that does. Failure to do so has a high likelihood of getting the club shut down for good."
"91","ekis07z","Ginger-Nerd","1554864776","","","","If you want to read into it - look into Isaiah Berlin ""Two concepts of Liberty"" 

Fredom to act upon ones free will; 
Freedom from others acting on your free will. 

Is roughly the definition of Positive and Negative Liberty - he gave.  :)"
"92","ekisp90","weird_ooo","1554865346","","","","&gt; it's not a fantasy at all. It's a horrific situation that I hope I'm never faced with 

Fantasy doesn't necessarily mean that you want the situation to happen, it simply means that you are imagining a situation that hasn't occurred, it is also the name of the faculty humans used to consider improbable and highly unrealistic scenarios. Whether you like it or not, what you are describing is a violent fantasy.

&gt; Yeah I did, because the lies and personal attacks aren't exactly the way to encourage someone to listen to your points. 

I made no personal attack. You took a legitimate statement of concern, and based on your understanding of the word fantasy to mean 'desired' misinterpreted it. 

&gt;No it's not 

Yes it is.

Oh wow, this conversation is really achieving something.

You remember when I said what I said wasn't a personal attack, and articulated what I meant in a different way to show you that it wasn't a personal attack? Yea, you are more than welcome to try that if you actually want to have this discussion.

Seriously, go talk to a councilor. You have paranoid delusions about people breaking into your house, and they are driving fantasies of extraordinary violence. There is no shame seeking a councilor in order to look after your mental health."
"93","ekispdv","Alderson808","1554865349","Neighbour Intimidation | Vandalism Attribution","positive | negative","1.0 | -1.0","Yeah but people who joke about bringing guns to public meetings aren’t likely to consider consequences of spray painting idiotic symbols in my opinion."
"94","ekistbs","geishaboy","1554865440","Gun Law And Licensing","positive","1.0","&gt; He used a loophole in legislation to turn an A-cat rifle into an MSSA.

Well I guess it's a good thing our gun laws are getting an overhaul, then."
"95","ekisuuw","geishaboy","1554865475","Gun Law And Licensing","neutral","0.0","Damn, could have sworn I read that he had an MSSA license. Never mind, the more you know."
"96","ekisw0f","Alderson808","1554865502","Land-Use And Consent | Media Credibility","negative | negative","-1.0 | -1.0","“What the local community wants is completely immaterial and irrelevant provided that the use of the land is legal and compliant with the law.”

Ehm. Nope. Plenty of consents get refused because of local outcry of use of land. 

As for the rest of that: thanks for demonstrating your bias."
"97","ekisx29","DogmaDodger","1554865528","Vandalism Attribution | Neighbour Intimidation","negative | neutral","-1.0 | 0.0","No and they should be investigated for those comments. I imagine they were emotionally driven and baseless but should be investigated nonetheless.    

That is quite different to actually going out and causing willful damage however."
"98","ekit2ky","DogmaDodger","1554865657","Sport Legitimacy | Connection To Christchurch | Gun Law And Licensing","positive | neutral | neutral","1.0 | 0.0 | 0.0","Why not? What they do in their free time as long as it is a legal activity is completely up to them.    

I imagine that a lot of them knew that change would be coming very soon afterwards and for many it was likely one last opportunity to do something that they have legally been allowed to do for quite some time."
"99","ekit4qw","DogmaDodger","1554865708","","","","lol welcome to the nz subreddit, are you new here?"
"100","ekit7md","DogmaDodger","1554865776","Club Membership Character","negative","-1.0","To liken gun club members to the mongrel mob is pretty far fetched."
"101","ekitd3i","DogmaDodger","1554865905","Club Membership Character","negative","-1.0","Umm you seem to have no idea of the demographic makeup of that club... Perhaps do some research and you might find it highly unlikely to be a club member unless we have a large contingent of asian nazis in Auckland."
"102","ekitlng","Sassy_Samsquantch","1554866103","Club Membership Character","negative","-1.0","They're the one group of non-whites that are hugely keen on Nazi imagery and slogans...or are there more and we just don't hear about them often?"
"103","ekityo7","DogmaDodger","1554866415","","","","I thought that was the Japanese. I wouldn't have thought the Chinese would have been too keen on the Nazis given their relationship with the Japanese."
"104","ekiucbf","CollisionNZ","1554866742","Gun Law And Licensing | Sport Legitimacy","negative | positive","-1.0 | 1.0","About a 2 decades late and a tad overboard. Should have a sport exemption built in that is treated in the same way that pistols are.

The loophole has been pointed out by shooters and police for ages but no one bothered to fix it up."
"105","ekiudk8","serpentseven","1554866772","Gun Law And Licensing | Self-Defence Justification | Connection To Christchurch","negative | neutral | negative","-1.0 | 0.0 | -1.0","A bit of a rant for someone not going to continue this thread with me, like why bother asking questions if don't want to continue, but cool you said your point.  
I brought up rocket labs because of your comment ""We don't allow missile launching or bomb building sportsmen to compete in NZ so a line has already been drawn. A discussion could be had about moving it.""  
Lower Hutt guy was a criminal under existing laws not new legislation for his self made submachine gun, but it illustrates how laws did not prevent him from making it.  
Best of luck to the police in attempting something they should of done years ago and i feel sorry for any civilians caught up in the logistical nightmare of disarming the gangs.  
The magazines where illegal to have because of the lack of a pump-action or bolt/lever action firearm in that fits that mag well, under old laws the police could of revoked his licence and taken his firearms if caught.  
 If a bartender gets serves a drunk customer and that person drives drunk the bartender could be liable too, where is the guilt on where he got the high capacity magazines, at some point in time i bet he used those magazines in A-cat rifles illegally at the gun range he visited they should of known something was wrong.  
As i stated earlier that banning removable magazine firearms is not going to stop removable magazine firearm crime and it definitely will not stop firearms related crime.  
I never said for our law and judicial system to stop attempting to stop violence or crime for that matter, But i would like more sensible bills to be passed. There were enough red flags about the Christchurch shooter that it should of been prevented from happening in the first place."
"106","ekiufpl","adeundem","1554866825","","","","That would appear to me that any owner of a pistol probably shouldn't be keeping it in a holster."
"107","ekiui3i","DogmaDodger","1554866884","Vandalism Attribution | Club Membership Character","neutral | neutral","0.0 | 0.0","I have not seen a single comment on this sub reddit claiming that Christchurch was a false flag. It is certainly not a widespread belief.    

There have been a significant number of hate crime hoaxes in the US in recent years, I have not heard of any here though but given the clubs ethnic makeup, it is quite possible."
"108","ekiv3wz","AkoTehPanda","1554867428","Gun Law And Licensing","negative","-1.0","He had a normal licence that allowed him to buy the semi-auto rifle (with a 7 round clip) and there was no legislation to prevent him from buying high capacity mags. 

Putting the high capacity mag together with the semi-auto, resulted in him having a gun that he was no longer allowed to have without an E-cat. 

Unsurprisingly, this didn't stop the mass murdering nutcase from using the weapon. 

The logical solution is to make it so that you can't buy the high capacity mag without a fucking e-cat licence seeing as you can't use it on any weapon with one. That way, he couldn't have obtained the weaponary he did legally. 

Instead the govt went over the top."
"109","ekiv6ex","Mob_King","1554867492","Connection To Christchurch | Club Membership Character | Debate Conduct","negative | negative | negative","-1.0 | -1.0 | -1.0","I don't have much to contribute to the article at hand, other than a local anecdote: 

Less than a week after the Christchurch terror I spied a large crested flag fluttering down Moroa Road. I'd heard about the gun club down around there somewhere, but this was the first time I'd seen a big bold flag flying. 

These pricks somehow thought NOW was the correct time to stand up and defend their gun rights with a jingoistic flag. Talk about tonedeaf - no pleas for transparency and leniency, no ""Come have a look and see we're not psychos"", no pro-tolerance flag.

I mean, if you were egging the govt on to come and get your guns, it worked."
"110","ekiva0q","DogmaDodger","1554867583","Sport Legitimacy | Gun Law And Licensing | Self-Defence Justification","positive | negative | neutral","1.0 | -1.0 | 0.0","I did buy a .308 for hunting deer, a 4 shot semi auto with a nice traditional wooden stock and an engraved receiver, it is going to be banned anyway. The reason I went semi-auto is because I have a shoulder injury which makes it hard to use a bolt action due to recoil. Last year I was going to replace it with a Sauer and Sohns hunting rifle, which is a 2 shot semi auto, I just couldn't justify the several thousand dollar price tag. I'm glad I didn't as it too would be banned and I'd be several thousand out of pocket.    

As for shotguns, I have a semi for the same reason, in fact most duck shooters have semis due to recoil stemming from the requirement to use steel shot rather than lead. Steel needs a whole lot more energy to perform as well as lead which results in large amounts of uncomfortable recoil in a double barrel but is mostly absorbed by the action in a semi. Double barrels are great for skeet and sporting clays where very light lead shot is used which has minimal recoil.    

As for AR15's they have their place, mostly on ranges in internationally recognised competition or training for such events. In terms of hunting, they are best suited to culling."
"111","ekiwx8x","chopping_mall_robot","1554869121","Media Credibility","negative","-1.0","Hold on, people are believing what is written in The Spinoff?"
"112","ekix57f","Monstah_Mangu","1554869333","Land-Use And Consent | Debate Conduct","negative | negative","-1.0 | -1.0","I am biased towards common-fucking-sense. 

These hippies complaining about their neighbours is no different to ignorant townies moving to the countryside and complaining about the noise of tractors ploughing fields or the smell of cow shit. 

A hobby that demands a person’s neighbours live their lives in complete and utter silence is completely unreasonable and unconscionable."
"113","ekix5pd","chopping_mall_robot","1554869347","Media Credibility","negative","-1.0","Don't believe anything written on the Spinoff. Personally find it to be utter racist trash."
"114","ekix77l","NaCLedPeanuts","1554869389","","","","&gt;There's lots of things that have international recognition that aren't permitted in NZ society.

Such as?"
"115","ekix85p","weird_ooo","1554869416","Vandalism Attribution | Club Membership Character | Neighbour Intimidation","negative | negative | negative","-1.0 | -1.0 | -1.0","Ummm just because somebody is in a club with Asians doesn't mean they wouldn't use a swastika as a scare tactic as part of a protracted campaign of targeted harassment."
"116","ekixcph","NaCLedPeanuts","1554869542","","","","Why do community groups in New Zealand all seem to have the same looking ""official"" seals?"
"117","ekixd4i","Alderson808","1554869554","","","","Riiighhhhttt.

Cool, peace out bro."
"118","ekixfwh","ThaFuck","1554869631","Sport Legitimacy | Debate Conduct","negative | negative","-1.0 | -1.0","That's a pretty far cry from ""sense of identity as a New Zealander"". It can be your favourite thing - hell - it can even be your identity. But conflating that with the suggestion that this activity is deeply seated in our culture is theatrical hyperbole at it's finest."
"119","ekixgzp","the_techxpert","1554869660","Gun Law And Licensing","negative","-1.0","Because this is /r/newzealand and you have to wait 2 years before you can go shooting again."
"120","ekixh8n","blekkja","1554869668","","","","Thanks for your contribution, Dr Brash."
"121","ekixztk","BoreJam","1554870183","Vandalism Attribution | Debate Conduct","negative | negative","-1.0 | -1.0","Common sense - no, blatant speculation with zero evidence - yes.

Since when were wild assumptions common sense?"
"122","ekiy38s","DogmaDodger","1554870280","","","","Ah I see"
"123","ekiy56j","BoreJam","1554870335","Debate Conduct","negative","-1.0","Any evidence for this assertion or are you just trying to switch the narrative without anything to back up you claim?"
"124","ekiy5ng","DogmaDodger","1554870348","Sport Legitimacy","positive","1.0","Well hunting is pretty well ingrained in NZ culture and identity. Target shooting is not too distant from hunting."
"125","ekiy74x","DogmaDodger","1554870391","Vandalism Attribution | Club Membership Character","negative | positive","-1.0 | 1.0","Well they would hardly fit the mold of a white nationalist though would they. I highly doubt it was them."
"126","ekiybli","BoreJam","1554870521","","","","...?"
"127","ekiyehv","BoreJam","1554870607","","","","I guess you can't make up any theory you like to make this fit into your world view."
"128","ekizsyr","lgf_","1554872126","","","","Obviously not an exhaustive list, but the immediate stuff that springs took l to mind include hormone use in chicken production, GMO feeds, nuclear power..."
"129","ekizxgd","TelPrydain","1554872263","Sport Legitimacy | Debate Conduct","negative | negative","-1.0 | -1.0","&gt;esoteric and unreasonable hobby is ridiculous

But enough about the gun range..."
"130","ekj03pf","JacindasFuFu","1554872459","","","","What's the point in commenting if you're just going to ignore the points in reply."
"131","ekj04op","WiredEarp","1554872490","Vandalism Attribution | Media Credibility","negative | negative","-1.0 | -1.0","It's simply the follow the money strategy. Generally a perpetrator has something to gain. In this case, the only people gaining from the swastika claim is the resident.

Now that doesn't mean it *was* the resident. But personally, if I thought gun armed people were running around vandalizing my place, I'd install cameras. The fact they have provided zero evidence of this alleged behavior doesn't really help their claim at all."
"132","ekj085l","Alderson808","1554872599","Debate Conduct | Club Membership Character","negative | negative","-1.0 | -1.0","Because anyone who writes that isn’t going to listen to argument. 

I know there’s this weirdly loud and angry group of gun rights people on here at the moment and if you’re going to name call etc like the comment then it’s not worth anyone’s time. 

At this point you guys can just rage into the void."
"133","ekj0di8","JacindasFuFu","1554872765","Media Credibility","positive","1.0","&gt;Whatever: spinoff is one of the better places. 

Ha!"
"134","ekj0okk","WiredEarp","1554873118","Self-Defence Justification | Vandalism Attribution | Debate Conduct","negative | neutral | negative","-1.0 | 0.0 | -1.0","You can do those steps in under 30 seconds. Less if it's a double barrel or similar break open gun. 

I doubt someone can get their family together and out of a house safely in anywhere near that time.

&gt;Chances are your children's bedrooms and closer to your bedroom than the gun safe

That's entirely made up and has zero validity, unless you have access to some stats on gun safe location in NZ that everyone else is unaware of.

&gt;What sort of paranoid delusions are you having in regards to home invasion? Why are they breaking into your house? What is the immediate danger to your family?

I don't have any paranoid delusions, this is entirely a hypothetical discussion.

&gt;99% of home invasions either involve somebody you know, or are thefts.

I don't see a source for your stats here, but that's incidental. The question of discussion is whether calmly grabbing your kids and family and leaving is a quicker option than arming yourself from a legal safe. Unless you have a very small family, they are all in the place you expect (which is accessible without potential confrontation) and you have a safe escape path, that is unlikely."
"135","ekj19ur","BoreJam","1554873829","","","","Following the money requires evidence, a paper trail. That's why its effective. 

But there is no evidence that supports your assertion. A motive is not evidence."
"136","ekj2b8x","ThaFuck","1554875113","Sport Legitimacy | Connection To Christchurch","positive | negative","1.0 | -1.0","&gt; Well hunting is pretty well ingrained in NZ culture and identity

But that's not the context of the comment, is it? Plus hunting is still safe and well regardless anyway.

&gt; Target shooting is not too distant from hunting.

It is when certain weapons are involved. Plus target shooting is safe and well regardless.

If you want to use both activities in their most benign sense, you have to accept that this might involve their most benign form."
"137","ekj2d1j","WiredEarp","1554875176","Vandalism Attribution | Media Credibility","neutral | neutral","0.0 | 0.0","'who gains most' is a useful *tool* in the absence of hard evidence.

In this case, no evidence has been presented at all unfortunately. So really, pointing fingers isn't really helpful. However, since only one potential culprit we mentioned in the article, discussing other possibilities is only balanced."
"138","ekj36m4","Kiwifrooots","1554876242","Club Membership Character | Neighbour Intimidation","neutral | negative","0.0 | -1.0","6% are cops....    also blatant intimidation with no fear of reprisal. Hmmmmm"
"139","ekj3ae9","blekkja","1554876384","","","","Well reasoned rebuttal."
"140","ekj3ewd","Kiwifrooots","1554876550","Club Membership Character | Neighbour Intimidation","negative | negative","-1.0 | -1.0","That's how these undeveloped types operate. Make a big noise and behave badly then cry like a baby and act the victim when you get told off"
"141","ekj3tyw","NurglesTokenCrustie","1554877134","Vandalism Attribution | Debate Conduct","negative | negative","-1.0 | -1.0","

~~911 was an inside job~~

~~crisis actors~~

~~anti racist are the real racists~~



The victims painted it themselves.

Internet intellectualism11111!!!!!"
"142","ekj4fku","DogmaDodger","1554877989","Sport Legitimacy | Club Membership Character","positive | neutral","1.0 | 0.0","I was meaning the use of firearms in general is ingrained in nz society due to hunting."
"143","ekj5rxk","geishaboy","1554880067","","","","By using a weapon designed for the military to kill a docile animal? Did you at least eat it?"
"144","ekj6oul","SmallRoundAndHairy","1554881568","","","","The buses or the politicians?"
"145","ekj6r4l","NaCLedPeanuts","1554881681","","","","Those are restricted by law, not social convention."
"146","ekj7q9b","peace_nz","1554883335","","","","I'm so tired of explaining how wrong people are, so I'm just going to say you're wrong."
"147","ekj7v05","SmallRoundAndHairy","1554883569","Connection To Christchurch | Debate Conduct","negative | negative","-1.0 | -1.0","I've seen the same, albeit not here, and it's troubling.

That's what happens when people take the manifesto as the literal truth, it's full of contradictions and the terrorist himself said that it was his intention to divide society enough to cause civil war in the west, he was deluded enough to believe that in two decades time he would be heralded as Mandela was when he was released from prison, that's how fucked in the head this terrorist cunt is, the contradictory nature of his mad rantings allow anyone read what they want to from it and pick sides, these people you describe need to think about how he claimed to be an eco-fascist inspired by communist china very slowly, an eco fascist inspired by communist china, you couldn't be more contradictory if you tried and somewhere out there on some troll message board anons will be howling with laughter as people discuss this shit as if it is the literally truth, if you believe such a statement then you are being played, he wasn't a left winger, he was an ethno-nationalist on the very hard right with nothing but hate in his heart, he wasn't liberal by any stretch."
"148","ekj84o0","OutlawofSherwood","1554884031","","","","Where should I send this bill for the water damage to my keyboard? :D"
"149","ekj86wj","OutlawofSherwood","1554884141","","","","So you're saying:

- the gun owners are being harassed by time travelling newcomer townies who cheated physics to establish their retreat at an earlier date.
- Loud explosions = the only alternative to complete silence."
"150","ekj880y","Baraka_Bama","1554884195","Sport Legitimacy | Debate Conduct","negative | negative","-1.0 | -1.0","No one wants to hear about you shooting stuff with an erection."
"151","ekj8akv","blekkja","1554884317","","","","Both."
"152","ekj8kl9","Baraka_Bama","1554884811","","","","I wasn't talking about your husband."
"153","ekj8w7q","saucecode","1554885392","Neighbour Intimidation | Vandalism Attribution | Debate Conduct","negative | neutral | negative","-1.0 | 0.0 | -1.0","&gt; “I’ve noticed them at least four times, and my wife has seen them out there at night. They sped off when she turned on the lights, and when I go to talk to them they do the same thing. It makes me a little bit nervous, especially with the vandalism that happened – it was around that time they upped the ante on us, tooting and parking outside. And we know they have guns because they can’t store them at the club. So there’s a guy outside, who I know has a gun in his car… that makes me nervous.”

Well that is fucking chilling. What kind of asshole does this?"
"154","ekjceb4","ttocskcaj","1554891449","","","","Sounds appetising haha"
"155","ekjeojm","ARion_N1664","1554894612","Debate Conduct | Sport Legitimacy","negative | positive","-1.0 | 1.0","Fuck off. What is with this ridiculous straw man rubbish lately. The guy was just saying that he enjoys hunting and doesn't want the Christchurch shooting to stop him living his life like how he wants to."
"156","ekjesx6","ARion_N1664","1554894761","","","","I doubt it. Too much of a stretch really."
"157","ekjf9g2","ARion_N1664","1554895296","Neighbour Intimidation | Gun Law And Licensing","negative | negative","-1.0 | -1.0","Attempting to swarm a public meeting with overwhelming numbers and to carry weapons. Classic intimidation tactics.

 The list of potential charges here - illegal assembly, unlawful possession of a firearms in a public space without sufficient purpose, etc."
"158","ekjfn3e","ARion_N1664","1554895738","","","","I doubt anyone's going to do anything about it."
"159","ekjfozg","ARion_N1664","1554895795","Neighbour Intimidation | Land-Use And Consent","negative | neutral","-1.0 | 0.0","Until it blows over. The police can't be watching them forever anyway."
"160","ekjgdai","ARion_N1664","1554896537","Club Membership Character","negative","-1.0","""Asian Nazis"" yeah sounds legit."
"161","ekjgsxh","ARion_N1664","1554896997","Self-Defence Justification","positive","1.0","Hey look here now. If someone armed with a weapon, e.g. hammer, broke into your house, as much as a nightmare as it is, you'd probably find it very difficult if not impossible to simply get the kids out of bed and tell them to go hide. Escalating in response to a 'perceived' and actively approaching threat is more often than not quite logical and straightforward if not at least partially reasonable in most peoples minds. What your describing is very difficult for most people."
"162","ekjiog8","Hayung_is","1554898869","Gun Law And Licensing | Vandalism Attribution","neutral | neutral","0.0 | 0.0","Not necessarily disagreeing with the over the top. 

&amp;#x200B;

But I think people oversimplify how regulations intend to solve problems. Part of it is supply and just regulating high cap mags to e-cat licenses might not sufficiently limit access to high cap mags enough to prevent rate occurences like this. if people really want them. Just look at all the arguments about how the regulations are a waste of time because ""crims will be crims and do crim things""."
"163","ekjrysj","Hassayo","1554906303","","","","That's straight up not true buddy"
"164","ekkdtou","DogmaDodger","1554920495","","","","Oh you must live in the city."
"165","ekkj3ao","aholetookmyusername","1554923713","","","","1) Get a security camera

2) Wait until they do it again

3) Get their number plate

4) Report to police

5) Make a big sign with a printout of camera stills of the vehicle and the text ""Driver of XYZ789 please contact the police regarding incident No. 123456"" (filling in number plate and incident no correctly of course)""

6) Put sign out front of house."
"166","ekkjc23","DogmaDodger","1554923862","","","","Lol did that get to you?"
"167","ekks8yu","Sakana-otoko","1554929200","","","","it's not a docile animal. It's a predator to our ecosystem, a plague that needs to be exterminated"
"168","ekktf9x","DogmaDodger","1554929924","Club Membership Character","positive","1.0","A large number clearly do though given there are 250k licence holders."
"169","ekl170h","DogmaDodger","1554934796","","","","You have no idea."
"170","eklavyz","DogmaDodger","1554941189","","","","Did you not read my previous comment?"
"171","eklqfib","DogmaDodger","1554952711","Debate Conduct","negative","-1.0","Obtuse cunt? You have no idea what your talking about tough guy. Go take some time out at the meditation retreat and have a think about it and come back to me eh?"
"172","ekm0w5z","DogmaDodger","1554965676","","","","Take a chill pill mate no need to get your knickers in a twist."
