ID,Author,Thread,Source
bf35w1:BobJonkins2,BobJonkins2,bf35w1,reddit_FortniteCompetitive
bf35w1:BounceBros21,BounceBros21,bf35w1,reddit_FortniteCompetitive
bf35w1:Swqety,Swqety,bf35w1,reddit_FortniteCompetitive
bf35w1:Syinite,Syinite,bf35w1,reddit_FortniteCompetitive
bf35w1:n0rpie,n0rpie,bf35w1,reddit_FortniteCompetitive
bf35w1:oomnahs,oomnahs,bf35w1,reddit_FortniteCompetitive
bf35w1:AriesGG,AriesGG,bf35w1,reddit_FortniteCompetitive
bf35w1:Healtofull,Healtofull,bf35w1,reddit_FortniteCompetitive
bf35w1:OnlyThotsRibbit,OnlyThotsRibbit,bf35w1,reddit_FortniteCompetitive
bf35w1:fullIegend,fullIegend,bf35w1,reddit_FortniteCompetitive
bf35w1:lance30038,lance30038,bf35w1,reddit_FortniteCompetitive
bf35w1:RikuJones,RikuJones,bf35w1,reddit_FortniteCompetitive
bf35w1:ItsMattBruv,ItsMattBruv,bf35w1,reddit_FortniteCompetitive
bf35w1:FutureThePro,FutureThePro,bf35w1,reddit_FortniteCompetitive
bf35w1:baseballv10,baseballv10,bf35w1,reddit_FortniteCompetitive
bf35w1:NastyCrimeboi,NastyCrimeboi,bf35w1,reddit_FortniteCompetitive
bf35w1:pugwalker,pugwalker,bf35w1,reddit_FortniteCompetitive
bf35w1:durpdurppurppurp,durpdurppurppurp,bf35w1,reddit_FortniteCompetitive
bf35w1:Beefarts,Beefarts,bf35w1,reddit_FortniteCompetitive
bf35w1:iMatsko,iMatsko,bf35w1,reddit_FortniteCompetitive
bf35w1:GurliTysk,GurliTysk,bf35w1,reddit_FortniteCompetitive
bf35w1:a-ol,a-ol,bf35w1,reddit_FortniteCompetitive
bf35w1:DisastrousHat,DisastrousHat,bf35w1,reddit_FortniteCompetitive
bf35w1:Flysaac,Flysaac,bf35w1,reddit_FortniteCompetitive
bf35w1:zhellav,zhellav,bf35w1,reddit_FortniteCompetitive
bf35w1:MajorTrump,MajorTrump,bf35w1,reddit_FortniteCompetitive
bf35w1:TeeSlays,TeeSlays,bf35w1,reddit_FortniteCompetitive
bf35w1:jtbarley,jtbarley,bf35w1,reddit_FortniteCompetitive
bf35w1:chrizdabizz,chrizdabizz,bf35w1,reddit_FortniteCompetitive
bf35w1:lazerlandb,lazerlandb,bf35w1,reddit_FortniteCompetitive
bf35w1:jak_boh,jak_boh,bf35w1,reddit_FortniteCompetitive
bf35w1:Rabid-Fish,Rabid-Fish,bf35w1,reddit_FortniteCompetitive
bf35w1:RocketHops,RocketHops,bf35w1,reddit_FortniteCompetitive
bf35w1:shitterhead69,shitterhead69,bf35w1,reddit_FortniteCompetitive
bf35w1:StayGoldPwNyBoY,StayGoldPwNyBoY,bf35w1,reddit_FortniteCompetitive
bf35w1:HasnainKhan01,HasnainKhan01,bf35w1,reddit_FortniteCompetitive
bf35w1:show_b0b,show_b0b,bf35w1,reddit_FortniteCompetitive
bf35w1:CJayTee,CJayTee,bf35w1,reddit_FortniteCompetitive
bf35w1:ElephantCarcass,ElephantCarcass,bf35w1,reddit_FortniteCompetitive
bf35w1:YaBoiStinker,YaBoiStinker,bf35w1,reddit_FortniteCompetitive
bf35w1:OWaDaHeal,OWaDaHeal,bf35w1,reddit_FortniteCompetitive
bf35w1:DumbCuntHonestly,DumbCuntHonestly,bf35w1,reddit_FortniteCompetitive
bf35w1:Whos_Rednir,Whos_Rednir,bf35w1,reddit_FortniteCompetitive
bf35w1:Tayzski,Tayzski,bf35w1,reddit_FortniteCompetitive
bf35w1:TheKUKsucka,TheKUKsucka,bf35w1,reddit_FortniteCompetitive
bf35w1:Grantuseyes,Grantuseyes,bf35w1,reddit_FortniteCompetitive
bf35w1:pussyflute69,pussyflute69,bf35w1,reddit_FortniteCompetitive
bf35w1:Phenotyx,Phenotyx,bf35w1,reddit_FortniteCompetitive
bf35w1:alenmeter,alenmeter,bf35w1,reddit_FortniteCompetitive
bf35w1:Strelzik,Strelzik,bf35w1,reddit_FortniteCompetitive
bf35w1:mxffia,mxffia,bf35w1,reddit_FortniteCompetitive
bf35w1:1337soup,1337soup,bf35w1,reddit_FortniteCompetitive
bf35w1:SmoZy92,SmoZy92,bf35w1,reddit_FortniteCompetitive
bf35w1:fluskar,fluskar,bf35w1,reddit_FortniteCompetitive
bf35w1:Azi_Minsky,Azi_Minsky,bf35w1,reddit_FortniteCompetitive
bf35w1:hakon378,hakon378,bf35w1,reddit_FortniteCompetitive
bf35w1:AleisterLaVey,AleisterLaVey,bf35w1,reddit_FortniteCompetitive
bf35w1:TheACrispy,TheACrispy,bf35w1,reddit_FortniteCompetitive
bf35w1:frumpydrangus,frumpydrangus,bf35w1,reddit_FortniteCompetitive
bf35w1:funreble,funreble,bf35w1,reddit_FortniteCompetitive
bf35w1:CowardAgent,CowardAgent,bf35w1,reddit_FortniteCompetitive
bf35w1:mrtrickster17,mrtrickster17,bf35w1,reddit_FortniteCompetitive
bf35w1:Dubtechnic,Dubtechnic,bf35w1,reddit_FortniteCompetitive
bf35w1:JohnWickFTW,JohnWickFTW,bf35w1,reddit_FortniteCompetitive
bf35w1:Steakjoseph,Steakjoseph,bf35w1,reddit_FortniteCompetitive
bf35w1:rudeboy_xx,rudeboy_xx,bf35w1,reddit_FortniteCompetitive
bf35w1:Rutgersknight11,Rutgersknight11,bf35w1,reddit_FortniteCompetitive
bf35w1:uuhoever,uuhoever,bf35w1,reddit_FortniteCompetitive
bf35w1:talmbouticus,talmbouticus,bf35w1,reddit_FortniteCompetitive
bf35w1:LiterallyUndead,LiterallyUndead,bf35w1,reddit_FortniteCompetitive
bf35w1:MrGabarel,MrGabarel,bf35w1,reddit_FortniteCompetitive
bf35w1:UnHeaLtHyAgGreSsoR,UnHeaLtHyAgGreSsoR,bf35w1,reddit_FortniteCompetitive
bf35w1:Sbrodino,Sbrodino,bf35w1,reddit_FortniteCompetitive
bf35w1:luibot,luibot,bf35w1,reddit_FortniteCompetitive
bf35w1:5dwolf20,5dwolf20,bf35w1,reddit_FortniteCompetitive
bf35w1:Raphan,Raphan,bf35w1,reddit_FortniteCompetitive
bf35w1:thomasOCE,thomasOCE,bf35w1,reddit_FortniteCompetitive
bf35w1:The420Turtle,The420Turtle,bf35w1,reddit_FortniteCompetitive
bf35w1:CookedCritter,CookedCritter,bf35w1,reddit_FortniteCompetitive
bf35w1:Paracosmical-XD,Paracosmical-XD,bf35w1,reddit_FortniteCompetitive
bf35w1:Lord__G,Lord__G,bf35w1,reddit_FortniteCompetitive
bf35w1:maerkling,maerkling,bf35w1,reddit_FortniteCompetitive
bf35w1:BlinkurGone,BlinkurGone,bf35w1,reddit_FortniteCompetitive
bf35w1:ImTheBoat,ImTheBoat,bf35w1,reddit_FortniteCompetitive
bf35w1:VoidShults,VoidShults,bf35w1,reddit_FortniteCompetitive
bf35w1:SomeJuicyDude,SomeJuicyDude,bf35w1,reddit_FortniteCompetitive
bf35w1:Thetruth9012,Thetruth9012,bf35w1,reddit_FortniteCompetitive
bf35w1:SelloutRealBig,SelloutRealBig,bf35w1,reddit_FortniteCompetitive
bf35w1:1zee,1zee,bf35w1,reddit_FortniteCompetitive
bf35w1:One-LeggedDinosaur,One-LeggedDinosaur,bf35w1,reddit_FortniteCompetitive
bf35w1:brvey,brvey,bf35w1,reddit_FortniteCompetitive
bf35w1:guccihaze,guccihaze,bf35w1,reddit_FortniteCompetitive
bf35w1:JunezK,JunezK,bf35w1,reddit_FortniteCompetitive
bf35w1:q8supra,q8supra,bf35w1,reddit_FortniteCompetitive
bf35w1:Spoffle,Spoffle,bf35w1,reddit_FortniteCompetitive
bf35w1:PhiloSocio,PhiloSocio,bf35w1,reddit_FortniteCompetitive
bf35w1:flyingpenguin31,flyingpenguin31,bf35w1,reddit_FortniteCompetitive
bf35w1:erebusgata,erebusgata,bf35w1,reddit_FortniteCompetitive
bf35w1:phalankz,phalankz,bf35w1,reddit_FortniteCompetitive
bi9svs:Reed1981,Reed1981,bi9svs,reddit_environment
bi9svs:--_-_o_-_--,--_-_o_-_--,bi9svs,reddit_environment
bi9svs:0_-o-_0,0_-o-_0,bi9svs,reddit_environment
bi9svs:Uny0n,Uny0n,bi9svs,reddit_environment
bi9svs:subtle_mullet,subtle_mullet,bi9svs,reddit_environment
bi9svs:KetracelYellow,KetracelYellow,bi9svs,reddit_environment
bi9svs:CzarChasm23,CzarChasm23,bi9svs,reddit_environment
bi9svs:WWDubz,WWDubz,bi9svs,reddit_environment
bi9svs:bogusnot,bogusnot,bi9svs,reddit_environment
bi9svs:VYshouldhavewon,VYshouldhavewon,bi9svs,reddit_environment
bi9svs:awbx58,awbx58,bi9svs,reddit_environment
bi9svs:iamtherealdylan,iamtherealdylan,bi9svs,reddit_environment
bi9svs:murial,murial,bi9svs,reddit_environment
bi9svs:Dr_Jan_Itorr,Dr_Jan_Itorr,bi9svs,reddit_environment
bi9svs:praise_the_hankypank,praise_the_hankypank,bi9svs,reddit_environment
bi9svs:Jqmoney101,Jqmoney101,bi9svs,reddit_environment
bi9svs:unrulywind,unrulywind,bi9svs,reddit_environment
bi9svs:SignalToNoiseRatio,SignalToNoiseRatio,bi9svs,reddit_environment
bi9svs:01jackofhearts,01jackofhearts,bi9svs,reddit_environment
bi9svs:TheNerdyGoat,TheNerdyGoat,bi9svs,reddit_environment
bi9svs:OregonForest,OregonForest,bi9svs,reddit_environment
bi9svs:Rekka1212,Rekka1212,bi9svs,reddit_environment
bi9svs:cant_stop_,cant_stop_,bi9svs,reddit_environment
bi9svs:r3clclit,r3clclit,bi9svs,reddit_environment
bi9svs:zer0stat1c,zer0stat1c,bi9svs,reddit_environment
bi9svs:roy_damn_mercer,roy_damn_mercer,bi9svs,reddit_environment
bi9svs:Lilyo,Lilyo,bi9svs,reddit_environment
bi9svs:DICKSUBJUICY,DICKSUBJUICY,bi9svs,reddit_environment
bi9svs:garlicroastedpotato,garlicroastedpotato,bi9svs,reddit_environment
bi9svs:MMA1793,MMA1793,bi9svs,reddit_environment
bi9svs:nofixedideas,nofixedideas,bi9svs,reddit_environment
bi9svs:Dsilkotch,Dsilkotch,bi9svs,reddit_environment
bi9svs:Traitor_Donald_Trump,Traitor_Donald_Trump,bi9svs,reddit_environment
bi9svs:SkepticalJohn,SkepticalJohn,bi9svs,reddit_environment
bi9svs:gavinhudson1,gavinhudson1,bi9svs,reddit_environment
bi9svs:jay92477,jay92477,bi9svs,reddit_environment
bi9svs:throwanapple2,throwanapple2,bi9svs,reddit_environment
bi9svs:Afro_Samurai,Afro_Samurai,bi9svs,reddit_environment
bi9svs:patdogs,patdogs,bi9svs,reddit_environment
bi9svs:Animals729,Animals729,bi9svs,reddit_environment
bi9svs:aprico_,aprico_,bi9svs,reddit_environment
bi9svs:Hadou_Jericho,Hadou_Jericho,bi9svs,reddit_environment
bi9svs:prohb,prohb,bi9svs,reddit_environment
bi9svs:mostlymoister,mostlymoister,bi9svs,reddit_environment
bi9svs:HDSpiele,HDSpiele,bi9svs,reddit_environment
bi9svs:Doprahwintree,Doprahwintree,bi9svs,reddit_environment
bi9svs:cthugha,cthugha,bi9svs,reddit_environment
bi9svs:bohrmachine,bohrmachine,bi9svs,reddit_environment
bi9svs:RcNorth,RcNorth,bi9svs,reddit_environment
bi9svs:ISieferVII,ISieferVII,bi9svs,reddit_environment
bi9svs:dildoswaggins71069,dildoswaggins71069,bi9svs,reddit_environment
bi9svs:Spiralyst,Spiralyst,bi9svs,reddit_environment
bi9svs:prsnep,prsnep,bi9svs,reddit_environment
bi9svs:feelingsomewhatlost,feelingsomewhatlost,bi9svs,reddit_environment
bi9svs:707squatch,707squatch,bi9svs,reddit_environment
bi9svs:michaelb1,michaelb1,bi9svs,reddit_environment
bi9svs:tttruckit,tttruckit,bi9svs,reddit_environment
bi9svs:house_of_snark,house_of_snark,bi9svs,reddit_environment
bi9svs:Lafie-Safie,Lafie-Safie,bi9svs,reddit_environment
bi9svs:AbductingTacos1,AbductingTacos1,bi9svs,reddit_environment
bi9svs:TheBassetHound13,TheBassetHound13,bi9svs,reddit_environment
bi9svs:Hrodrik,Hrodrik,bi9svs,reddit_environment
bi9svs:satori_moment,satori_moment,bi9svs,reddit_environment
bi9svs:LtCdrDataSpock,LtCdrDataSpock,bi9svs,reddit_environment
bi9svs:Prime624,Prime624,bi9svs,reddit_environment
bi9svs:Callum247,Callum247,bi9svs,reddit_environment
bi9svs:TheFerretman,TheFerretman,bi9svs,reddit_environment
bi9svs:NatureEquipment,NatureEquipment,bi9svs,reddit_environment
bi9svs:benfranklinthedevil,benfranklinthedevil,bi9svs,reddit_environment
bi9svs:sicktired541,sicktired541,bi9svs,reddit_environment
bi9svs:HumanistRuth,HumanistRuth,bi9svs,reddit_environment
bi9svs:einsibongo,einsibongo,bi9svs,reddit_environment
bi9svs:stealthzeus,stealthzeus,bi9svs,reddit_environment
bi9svs:abguychap,abguychap,bi9svs,reddit_environment
bi9svs:wholesomesumabitch,wholesomesumabitch,bi9svs,reddit_environment
bi9svs:MaximilianKohler,MaximilianKohler,bi9svs,reddit_environment
bi9svs:Caputtohsi,Caputtohsi,bi9svs,reddit_environment
bi9svs:ellensundies,ellensundies,bi9svs,reddit_environment
bi9svs:For_Christ_The_King,For_Christ_The_King,bi9svs,reddit_environment
bi9svs:SealCub-ClubbingClub,SealCub-ClubbingClub,bi9svs,reddit_environment
bi9svs:thumbsmagoo,thumbsmagoo,bi9svs,reddit_environment
bi9svs:ruinthall,ruinthall,bi9svs,reddit_environment
bi9svs:fluffykerfuffle1,fluffykerfuffle1,bi9svs,reddit_environment
bi9svs:ILikeNeurons,ILikeNeurons,bi9svs,reddit_environment
bi9svs:Kainkelly2887,Kainkelly2887,bi9svs,reddit_environment
bi9svs:draco74403,draco74403,bi9svs,reddit_environment
bi9svs:TheVeganManatee,TheVeganManatee,bi9svs,reddit_environment
bi9svs:jacob_charles_666,jacob_charles_666,bi9svs,reddit_environment
bi9svs:KnightofForestsWild,KnightofForestsWild,bi9svs,reddit_environment
bi9svs:Spziokles,Spziokles,bi9svs,reddit_environment
bi9svs:BarnabyWoods,BarnabyWoods,bi9svs,reddit_environment
bi9svs:isellwhitebro,isellwhitebro,bi9svs,reddit_environment
bi9svs:jimineexmas,jimineexmas,bi9svs,reddit_environment
bi9svs:shanerm,shanerm,bi9svs,reddit_environment
bi9svs:Ghost2Eleven,Ghost2Eleven,bi9svs,reddit_environment
bi9svs:Hans_en_osier,Hans_en_osier,bi9svs,reddit_environment
bi9svs:Plaguehand,Plaguehand,bi9svs,reddit_environment
bi9svs:Admins_R_Cucks,Admins_R_Cucks,bi9svs,reddit_environment
bi9svs:AgentShabu,AgentShabu,bi9svs,reddit_environment
bi9svs:mactavish88,mactavish88,bi9svs,reddit_environment
bi9svs:sheilastretch,sheilastretch,bi9svs,reddit_environment
bi9svs:Kladers,Kladers,bi9svs,reddit_environment
bi9svs:XC_Griff,XC_Griff,bi9svs,reddit_environment
bi9svs:viborg,viborg,bi9svs,reddit_environment
bi9svs:TheColor0fMoney,TheColor0fMoney,bi9svs,reddit_environment
bi9svs:PredestinarianMalva,PredestinarianMalva,bi9svs,reddit_environment
bi9svs:NickJames920,NickJames920,bi9svs,reddit_environment
bi9svs:ffhmtr,ffhmtr,bi9svs,reddit_environment
bi9svs:holaholaholahola789,holaholaholahola789,bi9svs,reddit_environment
bi9svs:Porkybob,Porkybob,bi9svs,reddit_environment
bi9svs:imgprojts,imgprojts,bi9svs,reddit_environment
bi9svs:EmmaGoldmansDancer,EmmaGoldmansDancer,bi9svs,reddit_environment
bi9svs:silverionmox,silverionmox,bi9svs,reddit_environment
bi9svs:Nodlez7,Nodlez7,bi9svs,reddit_environment
bi9svs:snewolk,snewolk,bi9svs,reddit_environment
bi9svs:JetFuelCantMeltDaiya,JetFuelCantMeltDaiya,bi9svs,reddit_environment
bi9svs:dwnwjits,dwnwjits,bi9svs,reddit_environment
bi9svs:L-JvG,L-JvG,bi9svs,reddit_environment
bi9svs:mistashmoe,mistashmoe,bi9svs,reddit_environment
bi9svs:PointNineC,PointNineC,bi9svs,reddit_environment
bi9svs:ricklimes,ricklimes,bi9svs,reddit_environment
bi9svs:sanskimost,sanskimost,bi9svs,reddit_environment
bi9svs:xaxa128o,xaxa128o,bi9svs,reddit_environment
bi9svs:Kad1942,Kad1942,bi9svs,reddit_environment
bi9svs:UnaCumMachina,UnaCumMachina,bi9svs,reddit_environment
bi9svs:Orongorongorongo,Orongorongorongo,bi9svs,reddit_environment
bi9svs:bsiderendezvous,bsiderendezvous,bi9svs,reddit_environment
bi9svs:BelfastBorn,BelfastBorn,bi9svs,reddit_environment
bi9svs:CanIBumAUsername,CanIBumAUsername,bi9svs,reddit_environment
bi9svs:babbrun,babbrun,bi9svs,reddit_environment
bi9svs:GoldenInfrared,GoldenInfrared,bi9svs,reddit_environment
bi9svs:PickinOutAThermos4u,PickinOutAThermos4u,bi9svs,reddit_environment
bi9svs:true4blue,true4blue,bi9svs,reddit_environment
bi9svs:Chief_Kief,Chief_Kief,bi9svs,reddit_environment
bi9svs:Impetus37,Impetus37,bi9svs,reddit_environment
bi9svs:fuzzyshorts,fuzzyshorts,bi9svs,reddit_environment
bi9svs:e_pi314,e_pi314,bi9svs,reddit_environment
bi9svs:liesthroughhisteeth,liesthroughhisteeth,bi9svs,reddit_environment
bi9svs:anotherfakaccount,anotherfakaccount,bi9svs,reddit_environment
bi9svs:ActuallyNot,ActuallyNot,bi9svs,reddit_environment
bi9svs:deltaroo,deltaroo,bi9svs,reddit_environment
bi9svs:twelvefortyseven,twelvefortyseven,bi9svs,reddit_environment
bi9svs:KingOfAnarchy,KingOfAnarchy,bi9svs,reddit_environment
bi9svs:Ravi_myself,Ravi_myself,bi9svs,reddit_environment
bi9svs:Claque-2,Claque-2,bi9svs,reddit_environment
behozy:teenytinybaklava,teenytinybaklava,behozy,reddit_me_irl
behozy:EndlessPotatoes,EndlessPotatoes,behozy,reddit_me_irl
behozy:Monsterfishdestroyer,Monsterfishdestroyer,behozy,reddit_me_irl
behozy:mcchino64,mcchino64,behozy,reddit_me_irl
behozy:DSHMRAct,DSHMRAct,behozy,reddit_me_irl
behozy:at_completion,at_completion,behozy,reddit_me_irl
behozy:fyijesuisunchat,fyijesuisunchat,behozy,reddit_me_irl
behozy:ysabelsrevenge,ysabelsrevenge,behozy,reddit_me_irl
behozy:TheAlmightyTapir,TheAlmightyTapir,behozy,reddit_me_irl
behozy:Rose-Asteri,Rose-Asteri,behozy,reddit_me_irl
behozy:Teachtotheirown,Teachtotheirown,behozy,reddit_me_irl
behozy:Ggdales,Ggdales,behozy,reddit_me_irl
behozy:zimzilla,zimzilla,behozy,reddit_me_irl
behozy:climber232,climber232,behozy,reddit_me_irl
behozy:tremendous_man99,tremendous_man99,behozy,reddit_me_irl
behozy:Colavs9601,Colavs9601,behozy,reddit_me_irl
behozy:yaBoiJefff,yaBoiJefff,behozy,reddit_me_irl
behozy:iphonesupremacist,iphonesupremacist,behozy,reddit_me_irl
behozy:yaakovb39,yaakovb39,behozy,reddit_me_irl
behozy:DrunkenLupus,DrunkenLupus,behozy,reddit_me_irl
behozy:Mint-Chip,Mint-Chip,behozy,reddit_me_irl
behozy:FacesOfMu,FacesOfMu,behozy,reddit_me_irl
behozy:BourgeoisBanana,BourgeoisBanana,behozy,reddit_me_irl
behozy:Roberto410,Roberto410,behozy,reddit_me_irl
behozy:henrikv_,henrikv_,behozy,reddit_me_irl
behozy:c00ki3pl0x,c00ki3pl0x,behozy,reddit_me_irl
behozy:-Jephph,-Jephph,behozy,reddit_me_irl
behozy:Scary_Xenomorph,Scary_Xenomorph,behozy,reddit_me_irl
behozy:maxias55,maxias55,behozy,reddit_me_irl
behozy:snoozywaifu,snoozywaifu,behozy,reddit_me_irl
behozy:WallhackFTW,WallhackFTW,behozy,reddit_me_irl
behozy:Cliccclacc,Cliccclacc,behozy,reddit_me_irl
behozy:Rock_mandu,Rock_mandu,behozy,reddit_me_irl
behozy:IcyLeave,IcyLeave,behozy,reddit_me_irl
behozy:minipesto,minipesto,behozy,reddit_me_irl
behozy:Springthespring,Springthespring,behozy,reddit_me_irl
behozy:Einstein2004113,Einstein2004113,behozy,reddit_me_irl
behozy:StraightDollar,StraightDollar,behozy,reddit_me_irl
behozy:hsoj30,hsoj30,behozy,reddit_me_irl
behozy:Drdulu,Drdulu,behozy,reddit_me_irl
behozy:I_Am_A_Pumpkin,I_Am_A_Pumpkin,behozy,reddit_me_irl
behozy:RedditoDorito,RedditoDorito,behozy,reddit_me_irl
behozy:Ardesic53,Ardesic53,behozy,reddit_me_irl
behozy:thepeculiarkitten,thepeculiarkitten,behozy,reddit_me_irl
behozy:Spineless_John,Spineless_John,behozy,reddit_me_irl
behozy:M1chael5carn,M1chael5carn,behozy,reddit_me_irl
behozy:ILikeToBurnMoney,ILikeToBurnMoney,behozy,reddit_me_irl
behozy:yuiojmncbf,yuiojmncbf,behozy,reddit_me_irl
behozy:Kermitt69,Kermitt69,behozy,reddit_me_irl
behozy:coc4tm,coc4tm,behozy,reddit_me_irl
behozy:Wattybangbang,Wattybangbang,behozy,reddit_me_irl
behozy:gujek,gujek,behozy,reddit_me_irl
behozy:Kilmerval,Kilmerval,behozy,reddit_me_irl
behozy:NeverScoop,NeverScoop,behozy,reddit_me_irl
behozy:photosoflife,photosoflife,behozy,reddit_me_irl
behozy:EmergencyTelephone,EmergencyTelephone,behozy,reddit_me_irl
behozy:The1DragonSlayer,The1DragonSlayer,behozy,reddit_me_irl
behozy:Zeozes,Zeozes,behozy,reddit_me_irl
behozy:MeanSausages,MeanSausages,behozy,reddit_me_irl
behozy:darnon,darnon,behozy,reddit_me_irl
behozy:charlie_8011,charlie_8011,behozy,reddit_me_irl
behozy:luger718,luger718,behozy,reddit_me_irl
behozy:GetOut37,GetOut37,behozy,reddit_me_irl
behozy:DailyAnnoyance,DailyAnnoyance,behozy,reddit_me_irl
behozy:ryanfrench11,ryanfrench11,behozy,reddit_me_irl
behozy:seksMasine,seksMasine,behozy,reddit_me_irl
behozy:JoePizza22,JoePizza22,behozy,reddit_me_irl
behozy:the_true_creper,the_true_creper,behozy,reddit_me_irl
behozy:Bumfuddlediddled,Bumfuddlediddled,behozy,reddit_me_irl
behozy:eternal_screaming,eternal_screaming,behozy,reddit_me_irl
behozy:FdaPM,FdaPM,behozy,reddit_me_irl
behozy:Geralt-of-Syria,Geralt-of-Syria,behozy,reddit_me_irl
behozy:Shrekdidnothingwrong,Shrekdidnothingwrong,behozy,reddit_me_irl
behozy:LilianPumpernickel,LilianPumpernickel,behozy,reddit_me_irl
behozy:tzfrs,tzfrs,behozy,reddit_me_irl
behozy:CadleWhitney,CadleWhitney,behozy,reddit_me_irl
behozy:shuynt,shuynt,behozy,reddit_me_irl
behozy:king_carthage_94,king_carthage_94,behozy,reddit_me_irl
behozy:mumbletethys,mumbletethys,behozy,reddit_me_irl
behozy:lucatobassco,lucatobassco,behozy,reddit_me_irl
behozy:LocalCoffeeDealery,LocalCoffeeDealery,behozy,reddit_me_irl
behozy:300450500350400550,300450500350400550,behozy,reddit_me_irl
behozy:IWantToKillMyselfKek,IWantToKillMyselfKek,behozy,reddit_me_irl
behozy:areyuna,areyuna,behozy,reddit_me_irl
behozy:meepmeep13,meepmeep13,behozy,reddit_me_irl
behozy:Loves2Spooge857,Loves2Spooge857,behozy,reddit_me_irl
behozy:StoneCarpenter,StoneCarpenter,behozy,reddit_me_irl
behozy:awesomeweasel,awesomeweasel,behozy,reddit_me_irl
behozy:F9574,F9574,behozy,reddit_me_irl
behozy:blosweed,blosweed,behozy,reddit_me_irl
behozy:LimitedGator,LimitedGator,behozy,reddit_me_irl
behozy:N3onToil3tPap3r,N3onToil3tPap3r,behozy,reddit_me_irl
behozy:rabbit395,rabbit395,behozy,reddit_me_irl
behozy:katsboi,katsboi,behozy,reddit_me_irl
behozy:Spyder0420,Spyder0420,behozy,reddit_me_irl
behozy:Despaci2x2,Despaci2x2,behozy,reddit_me_irl
behozy:49th,49th,behozy,reddit_me_irl
behozy:ICantAcessFacebook,ICantAcessFacebook,behozy,reddit_me_irl
behozy:cRaziMan,cRaziMan,behozy,reddit_me_irl
behozy:idonotwearthecheese,idonotwearthecheese,behozy,reddit_me_irl
behozy:jesse2h,jesse2h,behozy,reddit_me_irl
behozy:roach456,roach456,behozy,reddit_me_irl
behozy:GirlsWasteXp,GirlsWasteXp,behozy,reddit_me_irl
behozy:goldheadsnakebird,goldheadsnakebird,behozy,reddit_me_irl
behozy:aweekndinthecity,aweekndinthecity,behozy,reddit_me_irl
behozy:Geico22,Geico22,behozy,reddit_me_irl
behozy:itlookslikeit,itlookslikeit,behozy,reddit_me_irl
behozy:sportsfan124430,sportsfan124430,behozy,reddit_me_irl
behozy:FlyingGoatee,FlyingGoatee,behozy,reddit_me_irl
behozy:ImpossibleParfait,ImpossibleParfait,behozy,reddit_me_irl
behozy:Mufti_Menk,Mufti_Menk,behozy,reddit_me_irl
behozy:Flurentia,Flurentia,behozy,reddit_me_irl
behozy:PHalfpipe,PHalfpipe,behozy,reddit_me_irl
behozy:SpunkyViking,SpunkyViking,behozy,reddit_me_irl
behozy:lizardinachair,lizardinachair,behozy,reddit_me_irl
behozy:guccisteppin,guccisteppin,behozy,reddit_me_irl
behozy:botle_mockel,botle_mockel,behozy,reddit_me_irl
behozy:Bababuttons,Bababuttons,behozy,reddit_me_irl
behozy:Streetzmic,Streetzmic,behozy,reddit_me_irl
behozy:MarcusTheYeetest,MarcusTheYeetest,behozy,reddit_me_irl
behozy:nole_life,nole_life,behozy,reddit_me_irl
behozy:TroglodyneSystems,TroglodyneSystems,behozy,reddit_me_irl
behozy:NomadicKrow,NomadicKrow,behozy,reddit_me_irl
behozy:Cyber_Advance,Cyber_Advance,behozy,reddit_me_irl
behozy:phibip,phibip,behozy,reddit_me_irl
behozy:bstump104,bstump104,behozy,reddit_me_irl
behozy:creamcheese11001,creamcheese11001,behozy,reddit_me_irl
behozy:BraveryDuck,BraveryDuck,behozy,reddit_me_irl
behozy:shwifti,shwifti,behozy,reddit_me_irl
behozy:GalacticEmu,GalacticEmu,behozy,reddit_me_irl
behozy:Ironyz,Ironyz,behozy,reddit_me_irl
behozy:jake354k12,jake354k12,behozy,reddit_me_irl
behozy:mouritsen94,mouritsen94,behozy,reddit_me_irl
behozy:AzuRo1337,AzuRo1337,behozy,reddit_me_irl
behozy:askalotaquestions,askalotaquestions,behozy,reddit_me_irl
behozy:littlepurplepanda,littlepurplepanda,behozy,reddit_me_irl
behozy:SOSFILMZ,SOSFILMZ,behozy,reddit_me_irl
behozy:SomeProphetOfDoom,SomeProphetOfDoom,behozy,reddit_me_irl
behozy:N0nSequit0r,N0nSequit0r,behozy,reddit_me_irl
behozy:supermariosunshin,supermariosunshin,behozy,reddit_me_irl
behozy:leahcar83,leahcar83,behozy,reddit_me_irl
behozy:nothinbutbees3weeks,nothinbutbees3weeks,behozy,reddit_me_irl
